{
  "project_info": {
    "project_number": "660678431474",
    "firebase_url": "https://tafakariapp-b1b5d.firebaseio.com",
    "project_id": "tafakariapp-b1b5d",
    "storage_bucket": "tafakariapp-b1b5d.appspot.com"
  },
  "client": [
    {
      "client_info": {
        "mobilesdk_app_id": "1:660678431474:android:aa056a13ed542c8a",
        "android_client_info": {
          "package_name": "com.blogspot.waptell.tafakari"
        }
      },
      "oauth_client": [
        {
          "client_id": "660678431474-l47jhhlhmbafa8q4qjeka4u88jln27oa.apps.googleusercontent.com",
          "client_type": 1,
          "android_info": {
            "package_name": "com.blogspot.waptell.tafakari",
            "certificate_hash": "9db6ba5d62d14f562dafbf751c881e9141cf51bd"
          }
        },
        {
          "client_id": "660678431474-70m4d4apq6fi9so493go4q3s0ltd349q.apps.googleusercontent.com",
          "client_type": 1,
          "android_info": {
            "package_name": "com.blogspot.waptell.tafakari",
            "certificate_hash": "74b7d74a0aa0cabba8d14c183ba9fbec013235bf"
          }
        },
        {
          "client_id": "660678431474-0m5nqeevd72cuvdinru09tkba6mudhg8.apps.googleusercontent.com",
          "client_type": 1,
          "android_info": {
            "package_name": "com.blogspot.waptell.tafakari",
            "certificate_hash": "0cdd8f4b87093d6c84180780e7c2392fa49e0161"
          }
        },
        {
          "client_id": "660678431474-62ku6iefem0cs6lgqnlq9ecqh794no3f.apps.googleusercontent.com",
          "client_type": 1,
          "android_info": {
            "package_name": "com.blogspot.waptell.tafakari",
            "certificate_hash": "4c5362e68718f8d5145dc3d80510701b995bc28d"
          }
        },
        {
          "client_id": "660678431474-lnnlbcqdslaqvv1ku6oq282lriifvkf4.apps.googleusercontent.com",
          "client_type": 3
        }
      ],
      "api_key": [
        {
          "current_key": "AIzaSyDzA6vpNouAAmPUfQ2sYo6s8ANyQoNjdYk"
        }
      ],
      "services": {
        "appinvite_service": {
          "other_platform_oauth_client": [
            {
              "client_id": "660678431474-lnnlbcqdslaqvv1ku6oq282lriifvkf4.apps.googleusercontent.com",
              "client_type": 3
            }
          ]
        }
      }
    },
    {
      "client_info": {
        "mobilesdk_app_id": "1:660678431474:android:bb3b6644ca493d6d",
        "android_client_info": {
          "package_name": "com.blogspot.waptell.tafakariapp"
        }
      },
      "oauth_client": [
        {
          "client_id": "660678431474-e0pfbuqq2ds4nou9elglpnq35l7k27md.apps.googleusercontent.com",
          "client_type": 1,
          "android_info": {
            "package_name": "com.blogspot.waptell.tafakariapp",
            "certificate_hash": "4c5362e68718f8d5145dc3d80510701b995bc28d"
          }
        },
        {
          "client_id": "660678431474-lnnlbcqdslaqvv1ku6oq282lriifvkf4.apps.googleusercontent.com",
          "client_type": 3
        }
      ],
      "api_key": [
        {
          "current_key": "AIzaSyDzA6vpNouAAmPUfQ2sYo6s8ANyQoNjdYk"
        }
      ],
      "services": {
        "appinvite_service": {
          "other_platform_oauth_client": [
            {
              "client_id": "660678431474-lnnlbcqdslaqvv1ku6oq282lriifvkf4.apps.googleusercontent.com",
              "client_type": 3
            }
          ]
        }
      }
    }
  ],
  "configuration_version": "1"
}